Profile Name,Title Name,Country,Utc Title Add Date
Kertu,In Time,Estonia,2021-10-17
Kertu,The Billion Dollar Code,Estonia,2021-10-17
Kertu,The Danish Girl,Estonia,2021-10-01
Kertu,Anna Karenina,Estonia,2021-10-01
Kertu,Frida,Estonia,2021-10-01
Kertu,Heist,Estonia,2021-07-18
Kertu,Major Grom: Plague Doctor,Estonia,2021-07-18
Kertu,Naomi Osaka,Estonia,2021-07-18
Kertu,Young Royals,Estonia,2021-07-18
Kertu,Roman Empire,Estonia,2021-05-26
Kertu,Black Sails,Estonia,2021-05-26
Kertu,This Is a Robbery: The World's Biggest Art Heist,Estonia,2021-04-07
Kertu,Project Power,Estonia,2021-02-21
Kertu,The 101-Year-Old Man Who Skipped Out on the Bill and Disappeared,Estonia,2021-02-21
Kertu,The Old Guard,Estonia,2021-02-21
Kertu,Extraction,Estonia,2021-02-21
Kertu,Crime Scene: The Vanishing at the Cecil Hotel,Estonia,2021-02-11
Kertu,Spycraft,Estonia,2021-02-01
Kertu,Lupin,United States,2021-01-10
Kertu,Bridget Jones's Diary,Estonia,2021-01-05
Kertu,Bridgerton,Estonia,2020-12-27
Kertu,The Ripper,Estonia,2020-12-18
Kertu,American Gangster,Estonia,2020-11-27
Kertu,The Trial of the Chicago 7,Estonia,2020-11-27
Kertu,Ocean's Twelve,Estonia,2020-11-27
Kertu,Inception,Estonia,2020-11-27
Kertu,Lucy,Estonia,2020-11-27
Kertu,Gemini Man,Estonia,2020-11-27
Kertu,If Anything Happens I Love You,Estonia,2020-11-27
Kertu,Rocketman,Estonia,2020-11-27
Kertu,High Seas,United States,2020-08-15
Kertu,World's Most Wanted,United States,2020-08-13
Kertu,The Great Hack,Estonia,2020-08-11
Kertu,The Final Year,Estonia,2020-08-11
Kertu,High Seas,Estonia,2020-07-25
Kertu,World's Most Wanted,Estonia,2020-07-25
Kertu,Conspiracy,Estonia,2020-07-25
Kertu,The Business of Drugs,Estonia,2020-07-20
Kertu,The Protector,Estonia,2020-07-20
Kertu,When They See Us,Estonia,2020-06-23
Kertu,"Coronavirus, Explained",Estonia,2020-06-23
Kertu,Da 5 Bloods,Estonia,2020-06-09
Kertu,The Irishman: In Conversation,Estonia,2020-06-02
Kertu,13TH,Estonia,2020-06-02
Kertu,The Irishman,Estonia,2020-06-02
Kertu,The Two Popes,Estonia,2020-06-02
Kertu,Don't Crack Under Pressure,Estonia,2020-05-21
Kertu,Secrets of Her Majesty's Secret Service,Estonia,2020-05-21
Kertu,The Royal House of Windsor,Estonia,2020-05-21
Kertu,The First Purge,Estonia,2020-05-21
Kertu,Becoming,Estonia,2020-05-21
Kertu,ROMA,Estonia,2020-05-21
Kertu,Jeffrey Epstein: Filthy Rich,Estonia,2020-05-21
Kertu,History 101,Estonia,2020-05-21
Kertu,Magnetic,Estonia,2020-05-21
Kertu,El Chapo,Estonia,2020-04-30
Kertu,Anne with an E,Estonia,2020-04-04
Kertu,Explained,Estonia,2020-04-04
Kertu,Pandemic: How to Prevent an Outbreak,Estonia,2020-04-04
Kertu,Money Heist,Estonia,2020-04-04
Kertu,Elite,Estonia,2020-04-04
Kertu,The Social Network,Estonia,2019-12-22
Kertu,Locked Up,Estonia,2019-12-22
Kertu,Dirty Dancing,Estonia,2019-12-04
Kertu,The Holiday Calendar,Estonia,2019-12-01
Kertu,Christmas Wedding Planner,Estonia,2019-12-01
Kertu,Christmas With A View,Estonia,2019-12-01
Kertu,Designated Survivor,Estonia,2019-09-02
Kertu,Cable Girls,Estonia,2019-08-11
Kertu,The Family,Estonia,2019-08-11
Kertu,Peaky Blinders,Estonia,2019-05-30
Kertu,The Alienist,Estonia,2019-05-30
Kertu,MINDHUNTER,Estonia,2019-05-30
Kertu,Banking on Bitcoin,Estonia,2019-02-19
Kertu,Narcos,Estonia,2019-01-21
Kertu,Black Mirror: Bandersnatch,Estonia,2019-01-21
Kertu,Arrow,United States,2018-11-21
Kertu,6 Years,Uruguay,2018-06-28
Kertu,November 13: Attack on Paris,Uruguay,2018-06-19
Kertu,Tres metros sobre el cielo,Uruguay,2018-02-12
Laura,ANNE+,Netherlands,2021-10-17
Laura,The Chair,Netherlands,2021-09-11
Laura,Suits,Estonia,2021-07-18
Laura,StartUp,Estonia,2021-06-06
Laura,Halston,Estonia,2021-05-23
Laura,The Circle France,Estonia,2021-04-23
Laura,The Bold Type,Estonia,2021-03-09
Laura,The Real Housewives of Beverly Hills,Estonia,2021-03-06
Laura,Biggie: I Got a Story to Tell,Estonia,2021-03-06
Laura,Lupin,Estonia,2021-02-05
Laura,The Holiday,Estonia,2020-12-22
Laura,Room 2806: The Accusation,Estonia,2020-12-20
Laura,Holidate,Estonia,2020-12-20
Laura,The Playbook,Estonia,2020-11-22
Laura,The Queen's Gambit,Estonia,2020-11-18
Laura,Diana: In Her Own Words,Estonia,2020-11-18
Laura,The Social Dilemma,Estonia,2020-09-16
Laura,(Un)Well,United States,2020-08-20
Laura,World's Most Wanted,United States,2020-08-13
Laura,Sam Jay: 3 In The Morning,United States,2020-08-12
Laura,Immigration Nation,United States,2020-08-11
Laura,Love on the Spectrum,Estonia,2020-08-11
Laura,Connected,United States,2020-08-10
Laura,Inside the World’s Toughest Prisons,United States,2020-08-06
Laura,Immigration Nation,Estonia,2020-07-25
Laura,(Un)Well,Estonia,2020-07-25
Laura,Music and Lyrics,Estonia,2020-07-25
Laura,Sam Jay: 3 In The Morning,Estonia,2020-07-25
Laura,World's Most Wanted,Estonia,2020-07-25
Laura,Inside the World’s Toughest Prisons,Estonia,2020-07-25
Laura,Connected,Estonia,2020-07-25
Laura,The Business of Drugs,United States,2020-07-22
Laura,Down to Earth with Zac Efron,United States,2020-07-18
Laura,#AnneFrank - Parallel Stories,United States,2020-07-09
Laura,Homemade,United States,2020-07-08
Laura,Down to Earth with Zac Efron,Estonia,2020-06-27
Laura,Homemade,Estonia,2020-06-27
Laura,#AnneFrank - Parallel Stories,Estonia,2020-06-27
Laura,The Business of Drugs,Estonia,2020-06-27
Laura,Trial By Media,Estonia,2020-05-13
Laura,Becoming,Estonia,2020-05-10
Laura,Hollywood,Estonia,2020-05-04
Laura,The Spy,Estonia,2020-04-28
Laura,Messiah,Estonia,2020-04-28
Laura,Spy Game,Estonia,2020-04-28
Laura,The Last Dance,Estonia,2020-04-22
Laura,Babies,Estonia,2020-02-28
Laura,Cheer,Estonia,2020-01-17
Laura,Rotten,Portugal,2019-12-18
Laura,Tony Robbins: I Am Not Your Guru,Portugal,2019-12-18
Laura,The Big Short,Portugal,2019-12-18
Laura,Call Me by Your Name,Portugal,2019-12-18
Laura,Let's Dance,Portugal,2019-12-18
Laura,The Fix,Portugal,2019-12-18
Laura,The Royal House of Windsor,Portugal,2019-12-01
Laura,The Devil Next Door,Portugal,2019-11-04
Laura,Insatiable,Portugal,2019-11-02
Laura,Holiday in the Wild,Portugal,2019-11-02
Laura,The Terminal,Portugal,2019-10-19
Laura,Notting Hill,Portugal,2019-10-19
Laura,Pretty Woman,Portugal,2019-10-19
Laura,Sex and the City 2,Portugal,2019-10-19
Laura,Set It Up,Portugal,2019-10-19
Laura,Rhythm + Flow,Portugal,2019-10-14
Laura,Rhythm + Flow,Latvia,2019-10-11
Laura,Inside Bill's Brain: Decoding Bill Gates,Portugal,2019-09-21
Laura,The Assassination of Gianni Versace,Estonia,2019-09-07
Laura,Travis Scott: Look Mom I Can Fly,Estonia,2019-08-31
Laura,Murder Mystery,Latvia,2019-06-18
Laura,Icarus,Latvia,2019-05-24
Laura,Brené Brown: The Call to Courage,Latvia,2019-04-27
Laura,The Creative Brain,Latvia,2019-04-27
Laura,Kevin Hart: Irresponsible,Latvia,2019-04-27
Laura,Street Food: Asia,Latvia,2019-04-27
Laura,Our Planet,Latvia,2019-04-27
Laura,Bodyguard,Latvia,2019-04-27
Laura,Someone Great,Latvia,2019-04-23
Laura,Selling Sunset,Latvia,2019-03-24
Laura,Patriot Act with Hasan Minhaj,Estonia,2019-03-12
Laura,Losers,Latvia,2019-03-03
Laura,FYRE: The Greatest Party That Never Happened,Latvia,2019-02-11
Laura,You,Latvia,2019-01-16
Laura,Vir Das: Losing It,Latvia,2018-12-12
Laura,Wanderlust,Estonia,2018-10-26
Laura,Feminists: What Were They Thinking?,Latvia,2018-10-25
Laura,Ask the Doctor,Latvia,2018-10-24
Laura,Salt Fat Acid Heat,Latvia,2018-10-24
Laura,Chef's Table,Latvia,2018-10-24
Laura,Two Catalonias,Latvia,2018-10-24
Laura,First and Last,Latvia,2018-09-12
Laura,Magic for Humans,Latvia,2018-08-30
Laura,Million Pound Menu,Latvia,2018-08-30
Laura,Dirty Money,Latvia,2018-08-27
Laura,Dragons' Den,Latvia,2018-08-27
Laura,Like Father,Latvia,2018-08-27
Laura,Follow This,Latvia,2018-08-27
Laura,Comedians in Cars Getting Coffee,Estonia,2018-08-01
Laura,Explained,Latvia,2018-05-24
Laura,Abstract: The Art of Design,Estonia,2018-05-20
Laura,The Rain,Latvia,2018-05-07
Laura,The Letdown,Estonia,2018-04-27
Laura,Charité,Latvia,2018-04-26
Laura,Chalk It Up,Latvia,2018-03-21
Laura,Take Your Pills,Latvia,2018-03-20
Laura,Ugly Delicious,Latvia,2018-02-28
Laura,Heroin(e),Latvia,2018-02-21
Laura,Sex and the City: The Movie,Latvia,2018-01-21
Laura,Comedians in Cars Getting Coffee,Latvia,2018-01-18
Laura,The Ranch,Latvia,2018-01-17
Laura,The End of the F***ing World,Latvia,2018-01-16
Laura,My Next Guest Needs No Introduction With David Letterman,Latvia,2018-01-16
Laura,The Crown,Latvia,2017-08-30
Jaanika,The Crown,Estonia,2019-11-24
Jaanika,The Game Changers,Estonia,2019-11-24
Agur,Queen of the South,Estonia,2021-06-30
Agur,StartUp,Estonia,2021-06-25
Agur,Best of Stand-Up 2020,Estonia,2020-12-28
Agur,Alien Warfare,Estonia,2020-11-05
Agur,To the Lake,Estonia,2020-11-05
Agur,Rogue City,Estonia,2020-11-05
Agur,Unit 42,Czech Republic,2020-07-13
Agur,The Old Guard,Czech Republic,2020-07-13
Agur,Trailer Park Boys,Estonia,2020-06-23
Agur,Space Force,Estonia,2020-05-29
Agur,The Equalizer 2,Estonia,2020-05-28
Agur,The Equalizer,Estonia,2020-05-28
Agur,Space Force,Estonia,2020-05-28
Agur,Mercury Rising,Estonia,2020-05-28
Agur,History 101,Estonia,2020-05-28
Agur,Extraction,Estonia,2020-04-17
Agur,Better Call Saul,Estonia,2020-03-24
Agur,Spenser Confidential,Estonia,2020-03-03
Agur,Altered Carbon,Estonia,2020-02-27
Agur,The Last Thing He Wanted,Estonia,2020-02-22
Agur,The Coldest Game,Estonia,2020-02-11
Agur,Killer Inside: The Mind of Aaron Hernandez,Estonia,2020-01-16
Agur,Charlie Wilson's War,Estonia,2020-01-10
Agur,Messiah,Estonia,2020-01-03
Agur,Messiah,Estonia,2020-01-01
Agur,6 Underground,Estonia,2019-12-21
Agur,Inside Bill's Brain: Decoding Bill Gates,Estonia,2019-09-21
Agur,Designated Survivor: 60 Days,Estonia,2019-09-14
Agur,Peaky Blinders,Estonia,2019-09-14
Agur,The Crown,Belgium,2019-09-09
Agur,The Spy,Estonia,2019-09-08
Agur,The Great Hack,Estonia,2019-08-30
Agur,Madam Secretary,United States,2019-07-19
Agur,Secret Obsession,Estonia,2019-07-18
Agur,Limitless,Estonia,2019-07-18
Agur,The Code,Estonia,2019-07-18
Agur,Inside Man,Estonia,2019-06-15
Agur,Eagle Eye,Estonia,2019-06-15
Agur,Undercover,Estonia,2019-06-15
Agur,Bad Blood,Estonia,2019-06-04
Agur,The Crew,Estonia,2019-06-04
Agur,FYRE: The Greatest Party That Never Happened,Estonia,2019-05-04
Agur,Secret City,Estonia,2019-05-03
Agur,The Protector,Estonia,2019-05-03
Agur,Street Food: Asia,Estonia,2019-05-03
Agur,Formula 1: Drive to Survive,Estonia,2019-03-09
Agur,The Godfather,Estonia,2018-11-24
Agur,The Saint,Estonia,2018-06-23
Agur,Fauda,Estonia,2018-06-23
Agur,Marvel's The Punisher,Estonia,2018-06-23
Agur,The Rain,Estonia,2018-06-02
Agur,Shooter,Estonia,2018-05-26
Agur,Timeless,Estonia,2018-05-04
Agur,Money Heist,Estonia,2018-05-04
Agur,Stranger Things,Estonia,2018-01-12
Agur,10 Cloverfield Lane,Estonia,2018-01-12
Agur,Dirk Gently's Holistic Detective Agency,Estonia,2018-01-12
Agur,Touch,Estonia,2018-01-10
Agur,Marvel's Jessica Jones,Estonia,2017-12-10
Agur,Black Mirror,Estonia,2017-11-30
Agur,Fauda,Estonia,2017-11-30
Agur,Designated Survivor,Estonia,2017-09-28
Agur,Gaga: Five Foot Two,Estonia,2017-09-25
Agur,Sand Castle,Estonia,2017-09-13
Agur,Suits,Estonia,2017-09-08
Agur,Black Mirror,Estonia,2017-09-05
Agur,Shark Tank,Estonia,2017-09-05
Agur,Elementary,Estonia,2017-09-05
Agur,The Big Short,Estonia,2017-09-05
Agur,Marvel's The Defenders,Estonia,2017-09-05
Agur,Marvel's The Defenders,Latvia,2017-08-19
Agur,Riverdale,United States,2017-08-09
Agur,Grey's Anatomy,United States,2017-08-09
Agur,Suits,Estonia,2017-08-09
